{"cameraMode":{"drawMode":0,"name":"Shaded","section":"Shading Mode"},"sceneLighting":true,"audioPlay":false,"sceneViewState":{"m_AlwaysRefresh":false,"showFog":true,"showSkybox":true,"showFlares":true,"showImageEffects":true,"showParticleSystems":true,"showVisualEffectGraphs":true,"m_FxEnabled":true},"in2DMode":false,"pivot":{"x":-1.9104715585708619,"y":19.170061111450197,"z":0.38837751746177676},"rotation":{"x":0.1996491700410843,"y":0.00146980129648,"z":-0.0002994696260429919,"w":0.9798666834831238},"size":37.066383361816409,"orthographic":false}